State,Total Crimes
Madhya Pradesh,544846
Maharashtra,499668
Uttar Pradesh,480950
Rajasthan,420836
Kerala,413578
Tamil Nadu,386400
West Bengal,386096
Bihar,355190
Delhi UT,311308
Karnataka,274676
Gujarat,262770
Andhra Pradesh,229208
Telangana,213660
Assam,188674
Haryana,159894
Odisha,149138
Chhattisgarh,116400
Jharkhand,90670
Punjab,74324
Jammu & Kashmir,47696
Himachal Pradesh,28320
Uttarakhand,18312
Tripura,10998
Goa,8932
Meghalaya,7358
Manipur,7282
Puducherry,7168
Chandigarh,6442
Arunachal Pradesh,5686
Mizoram,4280
Nagaland,2314
Sikkim,2130
A&N Islands,1492
D&N Haveli,554
Daman & Diu,466
Lakshadweep,162
