State,District,Total Crimes
Madhya Pradesh,Total,272423
Maharashtra,Total,249834
Uttar Pradesh,Total,240475
Rajasthan,Total,210418
Kerala,Total,206789
Tamil Nadu,Total,193200
West Bengal,Total,193048
Bihar,Total,177595
Delhi UT,Total,155654
Karnataka,Total,137338
Gujarat,Total,131385
Andhra Pradesh,Total,114604
Telangana,Total,106830
Assam,Total,94337
Haryana,Total,79947
Odisha,Total,74569
Chhattisgarh,Total,58200
Jharkhand,Total,45335
Maharashtra,Mumbai Commr.,40361
Punjab,Total,37162
Karnataka,Bengaluru City,31892
West Bengal,Kolkata,26668
Madhya Pradesh,Indore,23992
Jammu & Kashmir,Total,23848
West Bengal,South 24 Parganas,21049
Delhi UT,Outer,20320
Kerala,Ernakulam Rural,20185
Kerala,Thrissur Rural,20117
Bihar,Patna,19804
Telangana,Cyberabad,19311
